group_id,legs_in_group,day,time,side,tags,entry,sl,tp,sl_dist,tp_dist,rr,outcome,r_mult,fill_time,exit_time
57399675,2,10,13:37,sell,,4020.0,4026.0,4000.0,6.0,20.0,3.3333333333333335,SL,-1.0,2025-10-10T15:05:00+00:00,2025-10-10T15:05:00+00:00
57399675,2,10,13:37,sell,,-4022.0,4026.0,4000.0,8048.0,-8022.0,,NC,0.0,,
57451779,1,10,13:37,sell,,4038.0,4043.0,4004.0,5.0,34.0,6.8,TP,6.8,2025-10-10T15:30:00+00:00,2025-10-10T16:05:00+00:00
538987081,1,10,13:40,buy,zone_hunt,3975.0,3971.0,3996.0,4.0,21.0,5.25,NC,0.0,,
508534611,1,10,13:40,buy,,3970.0,3964.0,3996.0,6.0,26.0,4.333333333333333,NC,0.0,,
646004722,2,13,11:37,sell,ATH,4091.0,4096.0,4060.0,5.0,31.0,6.2,SL,-1.0,2025-10-13T08:15:00+00:00,2025-10-13T08:45:00+00:00
646004722,2,13,11:37,sell,ATH,-4094.0,4096.0,4060.0,8190.0,-8154.0,,NC,0.0,,
328963299,1,13,11:38,buy,scalp,4038.0,4034.0,4055.0,4.0,17.0,4.25,NC,0.0,,
931379050,1,13,11:40,buy,scalp,4071.0,4067.0,4090.0,4.0,19.0,4.75,NC,0.0,,
966293529,2,14,07:12,sell,ATH,4178.0,4184.0,4155.0,6.0,23.0,3.8333333333333335,SL,-1.0,2025-10-14T03:50:00+00:00,2025-10-14T05:05:00+00:00
966293529,2,14,07:12,sell,ATH,-4181.0,4184.0,4155.0,8365.0,-8336.0,,NC,0.0,,
895995862,1,14,07:12,buy,scalp,4124.0,4120.0,4155.0,4.0,31.0,7.75,SL,-1.0,2025-10-14T06:10:00+00:00,2025-10-14T06:20:00+00:00
7088270,1,14,07:12,buy,,4086.0,4080.0,4100.0,6.0,14.0,2.3333333333333335,NC,0.0,,
807590821,2,15,10:46,buy,,4188.0,4184.0,4208.0,4.0,20.0,5.0,SL,-1.0,2025-10-15T09:20:00+00:00,2025-10-15T09:20:00+00:00
807590821,2,15,10:46,buy,,4188.0,4184.0,4208.0,4.0,20.0,5.0,SL,-1.0,2025-10-15T09:20:00+00:00,2025-10-15T09:20:00+00:00
48097729,2,15,10:47,sell,ATH,4206.0,4211.0,4185.0,5.0,21.0,4.2,TP,4.2,2025-10-15T09:20:00+00:00,2025-10-15T09:20:00+00:00
48097729,2,15,10:47,sell,ATH,-4209.0,4211.0,4185.0,8420.0,-8394.0,,NC,0.0,,
911524654,2,15,13:09,sell,ATH,4230.0,4235.0,4200.0,5.0,30.0,6.0,NC,0.0,,
911524654,2,15,13:09,sell,ATH,-4233.0,4235.0,4200.0,8468.0,-8433.0,,NC,0.0,,
416611758,2,15,13:08,sell,,4209.0,4215.0,4190.0,6.0,19.0,3.1666666666666665,SL,-1.0,2025-10-15T09:40:00+00:00,2025-10-15T10:05:00+00:00
416611758,2,15,13:08,sell,,-4213.0,4215.0,4190.0,8428.0,-8403.0,,NC,0.0,,
91126281,1,15,13:10,buy,,4153.0,4148.0,4180.0,5.0,27.0,5.4,NC,0.0,,
89330584,2,16,12:10,sell,ATH,4253.0,4259.0,4230.0,6.0,23.0,3.8333333333333335,SL,-1.0,2025-10-16T09:55:00+00:00,2025-10-16T10:00:00+00:00
89330584,2,16,12:10,sell,ATH,-4256.0,4259.0,4230.0,8515.0,-8486.0,,NC,0.0,,
370454337,1,16,12:11,sell,ATH,4265.0,4270.0,4244.0,5.0,21.0,4.2,TP,4.2,2025-10-16T12:35:00+00:00,2025-10-16T12:40:00+00:00
484977471,2,16,12:12,buy,,4188.0,4183.0,4206.0,5.0,18.0,3.6,NC,0.0,,
484977471,2,16,12:12,buy,,-4185.0,4183.0,4206.0,-8368.0,8391.0,,NC,0.0,,
989231220,1,16,13:07,buy,scalp,4219.0,4215.0,4240.0,4.0,21.0,5.25,NC,0.0,,
385084284,2,17,11:11,buy,,4296.0,4290.0,4323.0,6.0,27.0,4.5,TP,4.5,2025-10-17T12:00:00+00:00,2025-10-17T12:10:00+00:00
385084284,2,17,11:11,buy,,-4293.0,4290.0,4323.0,-8583.0,8616.0,,NC,0.0,,
556603731,2,17,11:11,buy,,4266.0,4260.0,4296.0,6.0,30.0,5.0,SL,-1.0,2025-10-17T14:00:00+00:00,2025-10-17T14:00:00+00:00
556603731,2,17,11:11,buy,,-4263.0,4260.0,4296.0,-8523.0,8559.0,,NC,0.0,,
887675904,2,17,11:11,sell,ATH,4407.0,4413.0,4388.0,6.0,19.0,3.1666666666666665,NC,0.0,,
887675904,2,17,11:11,sell,ATH,-4410.0,4413.0,4388.0,8823.0,-8798.0,,NC,0.0,,
96296699,1,17,11:11,sell,scalp,4362.0,4366.0,4343.0,4.0,19.0,4.75,TP,4.75,2025-10-17T08:15:00+00:00,2025-10-17T10:30:00+00:00
248528028,1,17,14:34,buy,,4325.0,4320.0,4350.0,5.0,25.0,5.0,SL,-1.0,2025-10-17T11:30:00+00:00,2025-10-17T11:30:00+00:00
384625919,2,20,09:12,buy,,4200.5,4195.0,4222.0,5.5,21.5,3.909090909090909,NC,0.0,,
384625919,2,20,09:12,buy,,-4197.0,4195.0,4222.0,-8392.0,8419.0,,NC,0.0,,
348024207,2,20,09:11,buy,scalp,4226.0,4220.0,4250.0,6.0,24.0,4.0,NC,0.0,,
348024207,2,20,09:11,buy,scalp,-4223.0,4220.0,4250.0,-8443.0,8473.0,,NC,0.0,,
576744670,2,20,09:13,sell,,4284.0,4290.0,4250.0,6.0,34.0,5.666666666666667,SL,-1.0,2025-10-20T11:55:00+00:00,2025-10-20T11:55:00+00:00
576744670,2,20,09:13,sell,,-4287.0,4290.0,4250.0,8577.0,-8537.0,,NC,0.0,,
106488320,1,20,14:19,buy,scalp,4231.0,4227.0,4252.0,4.0,21.0,5.25,NC,0.0,,
823843785,2,20,15:51,sell,,4308.0,4313.0,4280.0,5.0,28.0,5.6,NC,0.0,,
823843785,2,20,15:51,sell,,-4311.0,4313.0,4280.0,8624.0,-8591.0,,NC,0.0,,
902602472,2,21,11:07,buy,,4282.0,4276.0,4310.0,6.0,28.0,4.666666666666667,SL,-1.0,2025-10-21T08:10:00+00:00,2025-10-21T08:10:00+00:00
902602472,2,21,11:07,buy,,-4279.0,4276.0,4310.0,-8555.0,8589.0,,NC,0.0,,
101335736,2,21,11:08,buy,,4260.0,4254.0,4282.0,6.0,22.0,3.6666666666666665,TP,3.6666666666666665,2025-10-21T08:10:00+00:00,2025-10-21T08:10:00+00:00
101335736,2,21,11:08,buy,,-4257.0,4254.0,4282.0,-8511.0,8539.0,,NC,0.0,,
901269336,2,21,11:26,buy,,4227.0,4221.0,4255.0,6.0,28.0,4.666666666666667,TP,4.666666666666667,2025-10-21T12:10:00+00:00,2025-10-21T12:10:00+00:00
901269336,2,21,11:26,buy,,-4224.0,4221.0,4255.0,-8445.0,8479.0,,NC,0.0,,
992276582,1,21,12:39,sell,high_risk,4295.0,4299.0,4260.0,4.0,35.0,8.75,NC,0.0,,
893216253,2,21,12:40,sell,,4333.0,4339.0,4300.0,6.0,33.0,5.5,NC,0.0,,
893216253,2,21,12:40,sell,,-4336.0,4339.0,4300.0,8675.0,-8636.0,,NC,0.0,,
785854941,2,21,14:04,sell,scalp,4268.0,4273.0,4244.0,5.0,24.0,4.8,SL,-1.0,2025-10-21T10:55:00+00:00,2025-10-21T10:55:00+00:00
785854941,2,21,14:04,sell,scalp,-4270.0,4273.0,4244.0,8543.0,-8514.0,,NC,0.0,,
993880374,2,21,17:22,buy,high_risk,4162.0,4156.0,4200.0,6.0,38.0,6.333333333333333,SL,-1.0,2025-10-21T14:20:00+00:00,2025-10-21T14:25:00+00:00
993880374,2,21,17:22,buy,high_risk,-4159.0,4156.0,4200.0,-8315.0,8359.0,,NC,0.0,,
717894541,2,22,10:03,sell,high_risk,4166.0,4171.0,4144.0,5.0,22.0,4.4,SL,-1.0,2025-10-22T06:40:00+00:00,2025-10-22T06:40:00+00:00
717894541,2,22,10:03,sell,high_risk,-4169.0,4171.0,4144.0,8340.0,-8313.0,,NC,0.0,,
731870739,2,22,10:04,sell,,4192.0,4198.0,4166.0,6.0,26.0,4.333333333333333,NC,0.0,,
731870739,2,22,10:04,sell,,-4195.0,4198.0,4166.0,8393.0,-8361.0,,NC,0.0,,
331147080,1,22,10:05,sell,,4230.0,4235.0,4208.0,5.0,22.0,4.4,NC,0.0,,
322926326,1,22,11:44,buy,scalp,4062.0,4056.0,4080.0,6.0,18.0,3.0,TP,3.0,2025-10-22T10:40:00+00:00,2025-10-22T10:40:00+00:00
401230408,1,23,11:30,buy,,4087.0,4083.0,4110.0,4.0,23.0,5.75,NC,0.0,,
19073301,2,23,11:50,buy,,3999.0,3993.0,4022.0,6.0,23.0,3.8333333333333335,NC,0.0,,
19073301,2,23,11:50,buy,,-3996.0,3993.0,4022.0,-7989.0,8018.0,,NC,0.0,,
120059036,1,23,11:51,sell,,4165.0,4170.0,4144.0,5.0,21.0,4.2,SL,-1.0,2025-10-23T13:25:00+00:00,2025-10-23T14:05:00+00:00
753105912,2,23,11:51,sell,,4187.0,4193.0,4166.0,6.0,21.0,3.5,NC,0.0,,
753105912,2,23,11:51,sell,,-4190.0,4193.0,4166.0,8383.0,-8356.0,,NC,0.0,,
557904474,2,24,11:11,sell,,4110.0,4115.0,4080.0,5.0,30.0,6.0,TP,6.0,2025-10-24T12:30:00+00:00,2025-10-24T12:30:00+00:00
557904474,2,24,11:11,sell,,-4112.0,4115.0,4080.0,8227.0,-8192.0,,NC,0.0,,
16586624,1,24,11:13,sell,,4166.0,4171.0,4144.0,5.0,22.0,4.4,NC,0.0,,
571880594,1,24,11:13,buy,,4065.0,4060.0,4086.0,5.0,21.0,4.2,TP,4.2,2025-10-24T08:15:00+00:00,2025-10-24T09:05:00+00:00
116194857,2,24,11:11,buy,,4049.0,4043.0,4072.0,6.0,23.0,3.8333333333333335,NC,0.0,,
116194857,2,24,11:11,buy,,-4060.0,4043.0,4072.0,-8103.0,8132.0,,NC,0.0,,
302636011,2,27,9:37,sell,,4090.0,4096.0,4066.0,6.0,24.0,4.0,TP,4.0,2025-10-27T06:55:00+00:00,2025-10-27T08:50:00+00:00
302636011,2,27,9:37,sell,,-4093.0,4096.0,4066.0,8189.0,-8159.0,,NC,0.0,,
120892140,2,27,11:43,sell,,4095.0,4101.0,4070.0,6.0,25.0,4.166666666666667,NC,0.0,,
120892140,2,27,11:43,sell,,-4098.0,4101.0,4070.0,8199.0,-8168.0,,NC,0.0,,
361750038,2,27,11:44,sell,,4110.0,4116.0,4088.0,6.0,22.0,3.6666666666666665,NC,0.0,,
361750038,2,27,11:44,sell,,-4113.0,4116.0,4088.0,8229.0,-8201.0,,NC,0.0,,
400572371,2,27,11:42,sell,scalp,4083.0,4089.0,4061.0,6.0,22.0,3.6666666666666665,TP,3.6666666666666665,2025-10-27T08:15:00+00:00,2025-10-27T08:50:00+00:00
400572371,2,27,11:42,sell,scalp,-4086.0,4089.0,4061.0,8175.0,-8147.0,,NC,0.0,,
902867342,2,27,11:31,buy,,4060.0,4056.0,4084.0,4.0,24.0,6.0,SL,-1.0,2025-10-27T08:50:00+00:00,2025-10-27T08:50:00+00:00
902867342,2,27,11:31,buy,,-4062.0,4056.0,4084.0,-8118.0,8146.0,,NC,0.0,,
875038399,2,27,11:51,buy,,4030.0,4024.0,4055.0,6.0,25.0,4.166666666666667,TP,4.166666666666667,2025-10-27T11:35:00+00:00,2025-10-27T12:25:00+00:00
875038399,2,27,11:51,buy,,-4027.0,4024.0,4055.0,-8051.0,8082.0,,NC,0.0,,
166163408,2,27,11:53,buy,,4000.0,3994.0,4022.0,6.0,22.0,3.6666666666666665,SL,-1.0,2025-10-27T14:20:00+00:00,2025-10-27T15:00:00+00:00
166163408,2,27,11:53,buy,,-3997.0,3994.0,4022.0,-7991.0,8019.0,,NC,0.0,,
